Fecha,Unidades
2012-01-01,-21.13471783499295
2012-01-02,343.3312103375037
2012-01-03,717.3041388549605
2012-01-04,848.337779734334
2012-01-05,748.4093750524062
2012-01-06,749.6327805377645
2012-01-07,226.60701187476155
2012-01-08,-27.808321911988195
2012-01-09,334.53024514535343
2012-01-10,767.1499900417052
2012-01-11,960.8810316619288
2012-01-12,1020.1962232450502
2012-01-13,1085.1091623929776
2012-01-14,386.973741070713
2012-01-15,72.99480276316122
2012-01-16,738.1337999099076
2012-01-17,1029.7926926956902
2012-01-18,1043.8993627572952
2012-01-19,1069.3884880697751
2012-01-20,984.2626310213195
2012-01-21,334.89957862263856
2012-01-22,19.433998615600746
2012-01-23,665.5315862878409
2012-01-24,870.1765153843744
2012-01-25,942.0841774692673
2012-01-26,1006.9317774705889
2012-01-27,1102.923012177069
2012-01-28,490.0021039562587
2012-01-29,-53.35885832884238
2012-01-30,839.9222537827128
2012-01-31,1184.575121242665
2012-02-01,1045.0233815437114
2012-02-02,1120.0111521935453
2012-02-03,1190.1259201653895
2012-02-04,343.3830311280586
2012-02-05,-15.236841399411649
2012-02-06,739.7608369501351
2012-02-07,1064.9154185904108
2012-02-08,1231.6660015361526
2012-02-09,1287.7786740785516
2012-02-10,1273.1089559087993
2012-02-11,345.5567460952523
2012-02-12,32.95472462214826
2012-02-13,882.2201318244845
2012-02-14,1084.6877373057098
2012-02-15,1308.3022428741892
2012-02-16,1260.4467803448779
2012-02-17,1209.4708343372356
2012-02-18,276.977275509052
2012-02-19,4.280162535187681
2012-02-20,786.9250308929873
2012-02-21,985.7587037712241
2012-02-22,1254.0266142781732
2012-02-23,1296.7960143934108
2012-02-24,1265.877056798206
2012-02-25,302.0902074171108
2012-02-26,25.826763562510568
2012-02-27,1012.07401693504
2012-02-28,992.7671853756513
2012-02-29,1168.0007567836976
2012-03-01,1070.204606370073
2012-03-02,1191.430686170645
2012-03-03,402.7872240938198
2012-03-04,73.7349161140371
2012-03-05,753.1302589233713
2012-03-06,1140.2503570285476
2012-03-07,1149.150276929822
2012-03-08,1297.839263342476
2012-03-09,1316.9146154920397
2012-03-10,334.48512565140226
2012-03-11,69.6209123616532
2012-03-12,920.8236510051439
2012-03-13,1230.339681331468
2012-03-14,1411.817652460252
2012-03-15,1363.805804219915
2012-03-16,1385.4454965865007
2012-03-17,374.13880738219274
2012-03-18,23.574881805035865
2012-03-19,784.6064168272972
2012-03-20,1089.4505091439094
2012-03-21,1296.05609252907
2012-03-22,1326.29587760123
2012-03-23,1327.5633249576767
2012-03-24,274.385950642016
2012-03-25,-62.66766329006727
2012-03-26,665.6377200930461
2012-03-27,1000.4651228195787
2012-03-28,1050.8340912138792
2012-03-29,1056.6845905228554
2012-03-30,1405.433005797161
2012-03-31,607.9573487975941
2012-04-01,-19.984866289157708
2012-04-02,697.0168885886715
2012-04-03,1061.3954383574617
2012-04-04,1054.1571460746477
2012-04-05,874.2557692028873
2012-04-06,825.4874950850202
2012-04-07,245.6809403647924
2012-04-08,-18.497003616075837
2012-04-09,772.2800991674955
2012-04-10,1127.9964487824057
2012-04-11,1345.2069251106082
2012-04-12,1280.1719806185765
2012-04-13,1165.042775298779
2012-04-14,331.52219491497056
2012-04-15,23.362333759461517
2012-04-16,857.7908671181258
2012-04-17,1139.0621239981879
2012-04-18,1138.6239438712064
2012-04-19,1115.1646003450646
2012-04-20,1007.5083328540046
2012-04-21,333.6114630532294
2012-04-22,31.363755999498053
2012-04-23,722.8975622343767
2012-04-24,1043.7414961832978
2012-04-25,1260.1594897236346
2012-04-26,1314.2934328294243
2012-04-27,1426.4918229884286
2012-04-28,594.424120920687
2012-04-29,55.04697268857411
2012-04-30,1042.0860653525983
2012-05-01,757.8546907767458
2012-05-02,1025.7903391394464
2012-05-03,1148.3745637678041
2012-05-04,1148.1085812355166
2012-05-05,316.7183641911813
2012-05-06,42.41019503848517
2012-05-07,743.0297004740255
2012-05-08,1230.809046191786
2012-05-09,1439.1569195803204
2012-05-10,1472.8889539762122
2012-05-11,1392.271489609634
2012-05-12,396.50046933885176
2012-05-13,38.60715069528668
2012-05-14,821.3348439322635
2012-05-15,1126.8636950518778
2012-05-16,1344.3844579881354
2012-05-17,1296.1427058939728
2012-05-18,1191.1225370823086
2012-05-19,379.8949389468596
2012-05-20,-0.4529983608254984
2012-05-21,685.3924276024195
2012-05-22,1028.7586191453731
2012-05-23,1209.7398389351606
2012-05-24,1256.7202067799149
2012-05-25,1251.664526740339
2012-05-26,396.66480934077634
2012-05-27,39.39229038997908
2012-05-28,765.0512733433756
2012-05-29,1120.817887811313
2012-05-30,1505.2764079024507
2012-05-31,1449.2203186672175
2012-06-01,1199.3434484601407
2012-06-02,335.2159093262414
2012-06-03,43.96482215149561
2012-06-04,684.3160899493867
2012-06-05,1074.987617392895
2012-06-06,1265.8685859929526
2012-06-07,1287.7133396420836
2012-06-08,1376.5755722991364
2012-06-09,429.84811763562453
2012-06-10,42.05190523893836
2012-06-11,752.5971242788089
2012-06-12,1090.109351347827
2012-06-13,1361.3050543984145
2012-06-14,1409.9287709854327
2012-06-15,1331.3819200347336
2012-06-16,370.40701896724374
2012-06-17,38.84834166067728
2012-06-18,627.3567925986932
2012-06-19,1040.3667096728002
2012-06-20,1043.8049596666865
2012-06-21,1263.617239655949
2012-06-22,1191.6700856021794
2012-06-23,352.3667826243382
2012-06-24,-7.386522273275968
2012-06-25,609.9583663138544
2012-06-26,946.3576714237855
2012-06-27,1389.1834499212664
2012-06-28,1337.1676914011648
2012-06-29,1423.6448202422976
2012-06-30,616.0087154833258
2012-07-01,-37.65017566740317
2012-07-02,764.6275663509911
2012-07-03,1140.3881562396205
2012-07-04,1235.6912318244902
2012-07-05,1260.524461854494
2012-07-06,1302.4670639486214
2012-07-07,387.2685033351208
2012-07-08,63.31043649446477
2012-07-09,917.9819640712924
2012-07-10,1118.9259793463257
2012-07-11,1366.0651190220099
2012-07-12,1396.2062337474833
2012-07-13,1347.9778867048042
2012-07-14,375.79823804587926
2012-07-15,-4.663297031925824
2012-07-16,832.5549710700327
2012-07-17,1049.2712402649986
2012-07-18,1153.146170920426
2012-07-19,1229.1455817186577
2012-07-20,927.8573658736595
2012-07-21,292.17676136548727
2012-07-22,-42.099573442596025
2012-07-23,816.2267253436912
2012-07-24,943.7921158490337
2012-07-25,1242.736507790304
2012-07-26,1321.626815129619
2012-07-27,1357.0174264760958
2012-07-28,558.6772740082909
2012-07-29,5.843652862790373
2012-07-30,1029.1580638038076
2012-07-31,1288.4700591385044
2012-08-01,1060.7794394431264
2012-08-02,1227.978968541036
2012-08-03,1321.0264247996033
2012-08-04,316.7334642934103
2012-08-05,-44.81476414472178
2012-08-06,827.1837070973309
2012-08-07,1019.8134667372129
2012-08-08,1172.1014634688127
2012-08-09,1357.146953405624
2012-08-10,1380.192786637887
2012-08-11,391.6057532415825
2012-08-12,39.774256755361364
2012-08-13,860.927538137975
2012-08-14,1054.634610038378
2012-08-15,1226.4808687662212
2012-08-16,1275.921723593533
2012-08-17,1180.4574461087707
2012-08-18,303.9228261163993
2012-08-19,-12.907273268434862
2012-08-20,621.005024026239
2012-08-21,869.9884591447714
2012-08-22,1089.1997172869726
2012-08-23,1178.1465591546944
2012-08-24,1103.3188223610034
2012-08-25,308.38632464908375
2012-08-26,-8.494360481559813
2012-08-27,898.0474679226629
2012-08-28,958.0147299322595
2012-08-29,1169.9770812250608
2012-08-30,1326.014450537446
2012-08-31,1335.8259928496152
2012-09-01,330.48902745995184
2012-09-02,38.74711220340138
2012-09-03,862.7841919538413
2012-09-04,1075.0690325156463
2012-09-05,1175.052946555884
2012-09-06,1307.2363369682523
2012-09-07,1242.9462456981864
2012-09-08,361.80256538677503
2012-09-09,60.28168775052074
2012-09-10,971.138028625627
2012-09-11,1078.5902748045044
2012-09-12,1332.7681847897547
2012-09-13,1365.869702484047
2012-09-14,1327.2089305330044
2012-09-15,350.30337631140367
2012-09-16,16.264675365278194
2012-09-17,824.4169252897524
2012-09-18,970.4367250960031
2012-09-19,1162.6000968169903
2012-09-20,1084.6871236707393
2012-09-21,1183.236574363244
2012-09-22,371.8540243561424
2012-09-23,21.885160404366815
2012-09-24,861.190063307922
2012-09-25,889.61483739968
2012-09-26,1243.266099032054
2012-09-27,1193.524107531049
2012-09-28,1190.3910418318712
2012-09-29,541.5532156704527
2012-09-30,6.705278182143268
2012-10-01,629.6984836689264
2012-10-02,1058.841887141021
2012-10-03,1188.6800389920484
2012-10-04,1267.0763041685739
2012-10-05,1335.749466896571
2012-10-06,366.91724897434193
2012-10-07,7.940089436303586
2012-10-08,629.3494306818527
2012-10-09,1055.8356304820804
2012-10-10,1296.144001611845
2012-10-11,1335.7829885456915
2012-10-12,1360.5076758843074
2012-10-13,327.88912869723987
2012-10-14,-3.9239931672725823
2012-10-15,430.20264006452146
2012-10-16,895.0913675717928
2012-10-17,1049.3164780288073
2012-10-18,1108.8915864511803
2012-10-19,1198.5116936938903
2012-10-20,332.7602496721835
2012-10-21,20.292089123291966
2012-10-22,825.8442331690785
2012-10-23,959.3211993980914
2012-10-24,1094.9353480203854
2012-10-25,1054.0903670434197
2012-10-26,1215.637352461759
2012-10-27,298.69006347401535
2012-10-28,-93.89539153773516
2012-10-29,861.8967485082401
2012-10-30,1264.4186886774678
2012-10-31,1322.0422323056464
2012-11-01,1075.7922230959186
2012-11-02,1257.789139383209
2012-11-03,272.0607044836429
2012-11-04,-72.95281549270325
2012-11-05,299.9240050790832
2012-11-06,978.8087348046912
2012-11-07,1090.7133186378585
2012-11-08,1229.614510270771
2012-11-09,1368.0995903292908
2012-11-10,405.89311529151314
2012-11-11,-38.405407632850675
2012-11-12,478.825891522573
2012-11-13,860.8172899657804
2012-11-14,1136.5634361115
2012-11-15,1203.852630088535
2012-11-16,1237.8690901130065
2012-11-17,344.1881279609238
2012-11-18,-18.61955651407705
2012-11-19,646.6231121697956
2012-11-20,871.2152945076798
2012-11-21,1123.6945631175215
2012-11-22,1195.2867594459578
2012-11-23,1258.6468470449224
2012-11-24,340.51012884649504
2012-11-25,-90.9716554987693
2012-11-26,796.0358372815135
2012-11-27,1140.596264503538
2012-11-28,1427.001456106421
2012-11-29,1527.0704857423939
2012-11-30,1388.8268411515983
2012-12-01,420.10543724521494
2012-12-02,90.47542346889612
2012-12-03,757.6294395295469
2012-12-04,1341.7634980129772
2012-12-05,1405.251148386458
2012-12-06,1535.7114891408678
2012-12-07,1488.6068795559518
2012-12-08,206.2626019032999
2012-12-09,-32.33036155836753
2012-12-10,832.2337532291765
2012-12-11,1539.6094525274125
2012-12-12,1663.2050551441152
2012-12-13,1829.4945799567554
2012-12-14,1844.080501279796
2012-12-15,497.14861384640426
2012-12-16,84.61855253496596
2012-12-17,1084.5930020862822
2012-12-18,1827.1690460458422
2012-12-19,1871.0955327237448
2012-12-20,1952.9566050695091
2012-12-21,1891.238164631897
2012-12-22,557.9098721786557
2012-12-23,106.47860263641805
2012-12-24,963.5314067811856
2012-12-25,973.0592863382589
2012-12-26,1209.4376368123828
2012-12-27,1499.858397384733
2012-12-28,1364.7597987847607
2012-12-29,425.07531462100195
2012-12-30,-160.83445111140512
2012-12-31,893.6788944879434
2013-01-01,542.5862614335028
2013-01-02,654.079726836473
2013-01-03,639.6804724966297
2013-01-04,746.7354865939003
2013-01-05,175.51284829915096
2013-01-06,-78.94792862504295
2013-01-07,263.24787184779814
2013-01-08,710.0777719506239
2013-01-09,767.627218062479
2013-01-10,846.3046894942006
2013-01-11,909.8929284364482
2013-01-12,319.66756429661336
2013-01-13,50.81011277524557
2013-01-14,681.7640165184158
2013-01-15,1005.5527587257436
2013-01-16,1060.6290516537354
2013-01-17,1033.9587729882617
2013-01-18,991.7055113015991
2013-01-19,343.3580930432286
2013-01-20,22.532120381999047
2013-01-21,670.319321958489
2013-01-22,967.7504528470101
2013-01-23,1000.113738120173
2013-01-24,949.1028769184222
2013-01-25,893.1014364753087
2013-01-26,306.1801087130173
2013-01-27,-25.73968966127866
2013-01-28,611.722442354516
2013-01-29,891.7203308745237
2013-01-30,1201.6816493706442
2013-01-31,1211.8304681478735
2013-02-01,926.7751485562511
2013-02-02,299.02868992818344
2013-02-03,50.73840746698367
2013-02-04,753.0640423809834
2013-02-05,970.4087604563665
2013-02-06,1053.5875020695594
2013-02-07,1060.3994949778535
2013-02-08,1184.1537930360926
2013-02-09,294.7050263167422
2013-02-10,-21.631616026270404
2013-02-11,787.7748571172972
2013-02-12,1005.6402518539269
2013-02-13,1222.6898819224998
2013-02-14,1204.5258498733501
2013-02-15,1260.8066742912229
2013-02-16,305.60084879725554
2013-02-17,11.013569333934266
2013-02-18,830.897571108671
2013-02-19,1020.3495496314581
2013-02-20,1088.5314120929852
2013-02-21,1251.8071493139048
2013-02-22,1271.6564175754968
2013-02-23,324.9397264532958
2013-02-24,-10.564155399914767
2013-02-25,755.4664232550673
2013-02-26,965.8295908633532
2013-02-27,1170.5931719312773
2013-02-28,977.2119967811817
2013-03-01,986.519005313438
2013-03-02,329.8805614670425
2013-03-03,71.83524752545884
2013-03-04,730.7745032474094
2013-03-05,1081.0053877491634
2013-03-06,1112.4153761333775
2013-03-07,1135.5323274021307
2013-03-08,1248.979003209217
2013-03-09,332.08971794233344
2013-03-10,5.998044118936903
2013-03-11,803.7524303145426
2013-03-12,1163.463218065452
2013-03-13,1316.4263277547
2013-03-14,1302.359022455376
2013-03-15,1344.2775610817837
2013-03-16,364.5517658244784
2013-03-17,64.08816000373565
2013-03-18,729.3837575684979
2013-03-19,1133.544887452204
2013-03-20,1173.4835986733974
2013-03-21,1329.1810591114047
2013-03-22,1315.0515949766495
2013-03-23,354.7437773915577
2013-03-24,-63.45294347283428
2013-03-25,497.0483631764638
2013-03-26,925.2262449685237
2013-03-27,1068.3531395805185
2013-03-28,847.2775363688269
2013-03-29,950.3396935625079
2013-03-30,538.5142008375911
2013-03-31,-13.957354828281476
2013-04-01,579.0473785109701
2013-04-02,907.7981250700062
2013-04-03,932.2080802591554
2013-04-04,944.3798649350488
2013-04-05,874.8138069917032
2013-04-06,249.62592722101792
2013-04-07,-23.59111674683036
2013-04-08,685.7045638311719
2013-04-09,1100.101663158062
2013-04-10,1228.4351857599656
2013-04-11,1208.4576736632214
2013-04-12,1142.5388963803584
2013-04-13,304.68498187779306
2013-04-14,15.095286565054174
2013-04-15,754.5183206314483
2013-04-16,1101.222947465951
2013-04-17,1121.645524147632
2013-04-18,1050.2001987817398
2013-04-19,989.7607717521768
2013-04-20,347.0753711463772
2013-04-21,54.29287977173528
2013-04-22,714.4579999221071
2013-04-23,1118.1664035860792
2013-04-24,1243.4737163977218
2013-04-25,1220.6967282469084
2013-04-26,1309.8818284452127
2013-04-27,515.7705144931342
2013-04-28,-18.258233281095887
2013-04-29,812.0608585361819
2013-04-30,1357.9589969718074
2013-05-01,735.3331202510685
2013-05-02,910.2137683363841
2013-05-03,957.5491781434797
2013-05-04,235.72044934411096
2013-05-05,-34.66697959581212
2013-05-06,568.4340477251528
2013-05-07,986.4319528304593
2013-05-08,1214.5500167513144
2013-05-09,1330.7139059887984
2013-05-10,1288.2634126909988
2013-05-11,309.6105549475677
2013-05-12,-21.05247312227998
2013-05-13,655.7979966872086
2013-05-14,1012.8190012339562
2013-05-15,1227.096035431072
2013-05-16,1265.0529499079682
2013-05-17,1130.2541478362398
2013-05-18,302.4262443855222
2013-05-19,22.853589585196872
2013-05-20,646.3367103095976
2013-05-21,1031.7709368950327
2013-05-22,1218.3040920695921
2013-05-23,1307.3696944937203
2013-05-24,1220.4684451216904
2013-05-25,378.65627272202227
2013-05-26,49.58969323224349
2013-05-27,810.5669340829253
2013-05-28,1072.4277398787867
2013-05-29,1308.063608526946
2013-05-30,1424.960958219063
2013-05-31,1531.348487812225
2013-06-01,219.27400213610878
2013-06-02,-21.819454735309087
2013-06-03,529.6664183664038
2013-06-04,914.8678129349842
2013-06-05,1036.827180418139
2013-06-06,1180.24390861923
2013-06-07,1151.038085862383
2013-06-08,364.6353025604048
2013-06-09,27.06955304057529
2013-06-10,593.7169066087929
2013-06-11,947.2440505735854
2013-06-12,1191.9659299934976
2013-06-13,1267.5741353385276
2013-06-14,1221.1650809773864
2013-06-15,317.7104528381544
2013-06-16,2.3218654058328267
2013-06-17,739.3742235518412
2013-06-18,938.1157086896446
2013-06-19,1119.1332290083074
2013-06-20,1153.6510446199761
2013-06-21,1204.8224899570896
2013-06-22,374.9526127296457
2013-06-23,5.552917120707052
2013-06-24,617.0264203185299
2013-06-25,957.1051113010908
2013-06-26,1339.4214982890555
2013-06-27,1385.5383415374122
2013-06-28,1386.6106447026775
2013-06-29,601.8812467732375
2013-06-30,-10.503926709231077
2013-07-01,589.5042413225976
2013-07-02,890.3529738310685
2013-07-03,1027.9609223106404
2013-07-04,1142.6357948012012
2013-07-05,1178.8200350608356
2013-07-06,348.41565198540525
2013-07-07,4.759896070770601
2013-07-08,726.8337583897616
2013-07-09,987.195163652247
2013-07-10,1212.5745172352638
2013-07-11,1280.459316461416
2013-07-12,1236.3488505371106
2013-07-13,315.06835388310463
2013-07-14,-12.875347584860297
2013-07-15,715.3616810062272
2013-07-16,970.3623828477301
2013-07-17,1125.9130106926868
2013-07-18,1144.451110853929
2013-07-19,1104.2097893397356
2013-07-20,279.26791941454553
2013-07-21,-16.62058616184455
2013-07-22,813.3895609144511
2013-07-23,957.1195821411329
2013-07-24,1240.23217243958
2013-07-25,1253.1707556884264
2013-07-26,1382.5553612494004
2013-07-27,472.3102414128919
2013-07-28,-28.220841490814205
2013-07-29,868.5676704678051
2013-07-30,1308.7932918545032
2013-07-31,1445.1374203191604
2013-08-01,1049.3684461472435
2013-08-02,1179.7148605244427
2013-08-03,314.6200814796511
2013-08-04,-27.34159452165455
2013-08-05,672.4019673599524
2013-08-06,939.2226509041642
2013-08-07,813.5632078766641
2013-08-08,1079.6306652112994
2013-08-09,1262.4741699271556
2013-08-10,353.5415535966765
2013-08-11,-0.9854997302065203
2013-08-12,818.7249754074453
2013-08-13,955.0509732687841
2013-08-14,1170.3186446569582
2013-08-15,1235.0862852454454
2013-08-16,1204.3709153790994
2013-08-17,360.2579842781129
2013-08-18,-22.237487570301955
2013-08-19,647.7818917018111
2013-08-20,861.8940540313748
2013-08-21,1072.6689777923966
2013-08-22,1173.5208861827382
2013-08-23,1183.1891668246217
2013-08-24,354.25345675035214
2013-08-25,11.590813460406407
2013-08-26,888.6760380976608
2013-08-27,995.4864891257855
2013-08-28,1172.0277576979936
2013-08-29,1180.0666402168958
2013-08-30,1376.6493193316087
2013-08-31,561.7045419946223
2013-09-01,6.9175239308358005
2013-09-02,774.6147372133436
2013-09-03,1004.6368185414905
2013-09-04,1072.058211106278
2013-09-05,1168.7084451413048
2013-09-06,1257.2625503675795
2013-09-07,266.16825330263583
2013-09-08,4.678835172918506
2013-09-09,907.016963676576
2013-09-10,1022.8744095743737
2013-09-11,1228.2876585596023
2013-09-12,1309.0871265108904
2013-09-13,1270.6888080385806
2013-09-14,333.6387124547887
2013-09-15,-11.643983677016662
2013-09-16,777.3253962776845
2013-09-17,1008.6858141081672
2013-09-18,1107.9406857264619
2013-09-19,1199.0204777434956
2013-09-20,1088.1602325667411
2013-09-21,360.3403753727197
2013-09-22,49.2862185342173
2013-09-23,946.0290737557366
2013-09-24,1039.0113391361488
2013-09-25,1222.2177087971581
2013-09-26,1329.6438796516206
2013-09-27,1303.7224392087944
2013-09-28,568.0242068649641
2013-09-29,18.06833263398823
2013-09-30,1163.1384841844988
2013-10-01,946.6521025419353
2013-10-02,1038.7898419687488
2013-10-03,1203.9551573706715
2013-10-04,1303.8268017989953
2013-10-05,282.01148108957324
2013-10-06,33.32480526676015
2013-10-07,584.9018695673659
2013-10-08,993.2028966687311
2013-10-09,1198.7501043112552
2013-10-10,1316.143813889576
2013-10-11,1317.6160796692327
2013-10-12,304.2098951525431
2013-10-13,-43.38456144867393
2013-10-14,474.1256406579438
2013-10-15,882.7317398613636
2013-10-16,1094.3462579367692
2013-10-17,1132.8762414089056
2013-10-18,1174.7172380775128
2013-10-19,341.81911286218093
2013-10-20,40.90505402895369
2013-10-21,733.8221927198133
2013-10-22,1023.5718958127252
2013-10-23,1190.9626364515043
2013-10-24,1216.9225529995317
2013-10-25,1208.202218942432
2013-10-26,365.9896816290184
2013-10-27,-80.61300534493996
2013-10-28,949.3828295732899
2013-10-29,1109.9290199932113
2013-10-30,1382.8252926000414
2013-10-31,1391.9888258173746
2013-11-01,1128.4804851492333
2013-11-02,245.68256055587622
2013-11-03,-60.9691266417299
2013-11-04,253.32969619683413
2013-11-05,751.4832759631577
2013-11-06,1048.3444737788209
2013-11-07,1125.6037394801551
2013-11-08,1303.366454435957
2013-11-09,395.6742882814521
2013-11-10,3.301925754918698
2013-11-11,440.553891699777
2013-11-12,887.6548628507159
2013-11-13,1121.8296439444005
2013-11-14,1234.5448850054204
2013-11-15,1276.0781388671994
2013-11-16,307.22174330571914
2013-11-17,4.512130052279366
2013-11-18,643.9387223821772
2013-11-19,943.6463793973955
2013-11-20,1032.5133697109675
2013-11-21,1262.9853828662492
2013-11-22,1339.6616853577914
2013-11-23,462.6513960581832
2013-11-24,62.96712241271148
2013-11-25,781.4974696536494
2013-11-26,994.0813135122714
2013-11-27,1551.5858387606734
2013-11-28,1675.8792362016598
2013-11-29,1551.906338318165
2013-11-30,726.0947247058689
2013-12-01,61.82434257609499
2013-12-02,706.5057013022908
2013-12-03,1337.5550104221818
2013-12-04,1349.3854586081309
2013-12-05,1453.5423269403389
2013-12-06,1524.3580738078438
2013-12-07,389.04283911733546
2013-12-08,-147.0791891780859
2013-12-09,759.2607985268844
2013-12-10,1396.7755201241453
2013-12-11,1539.1925799831747
2013-12-12,1770.4591925361437
2013-12-13,1846.9414225325509
2013-12-14,502.7166455094407
2013-12-15,69.2772134706123
2013-12-16,1077.5829827558234
2013-12-17,1775.1750160933789
2013-12-18,1887.58401590056
2013-12-19,2004.5626004496737
2013-12-20,1956.4193798135275
2013-12-21,668.5071042059111
2013-12-22,187.79550669371514
2013-12-23,1351.2622467907408
2013-12-24,1421.8230717387014
2013-12-25,1214.0958671019869
2013-12-26,1322.7146564193056
2013-12-27,1575.8251444813595
2013-12-28,619.1764031972228
2013-12-29,-9.589931777623455
2013-12-30,1284.0351144711456
2013-12-31,1386.5098143757577
2014-01-01,528.9935775059392
2014-01-02,490.6315379503902
2014-01-03,503.21033489695407
2014-01-04,157.35158864625913
2014-01-05,-65.45208511103245
2014-01-06,269.5595611613447
2014-01-07,639.015771336458
2014-01-08,813.8637128615195
2014-01-09,753.9179865760639
2014-01-10,862.5476617759069
2014-01-11,285.82816577354606
2014-01-12,7.485690573449491
2014-01-13,676.4827259654421
2014-01-14,969.9663832624675
2014-01-15,1058.5185633218732
2014-01-16,951.3031985945688
2014-01-17,1018.4409947808543
2014-01-18,301.7041017172782
2014-01-19,17.517256283923683
2014-01-20,655.2182145796531
2014-01-21,997.3404173249272
2014-01-22,999.399399440932
2014-01-23,1010.6763858186181
2014-01-24,923.8251911170188
2014-01-25,323.2447839342201
2014-01-26,20.663013323308373
2014-01-27,718.8202832517388
2014-01-28,1132.9158115060766
2014-01-29,1174.1995197070435
2014-01-30,1381.72253766419
2014-01-31,1643.9994095886839
2014-02-01,186.02559793465446
2014-02-02,-27.494891000727385
2014-02-03,697.9815408724105
2014-02-04,1010.955728809725
2014-02-05,1078.4760100314004
2014-02-06,997.5440703842381
2014-02-07,1068.2893014252115
2014-02-08,319.6678069203788
2014-02-09,21.575127626463342
2014-02-10,865.2688157936266
2014-02-11,1052.2981886670468
2014-02-12,1273.193492902415
2014-02-13,1147.245259339149
2014-02-14,1216.7612014104636
2014-02-15,303.29632100881327
2014-02-16,-8.009439889775491
2014-02-17,856.2132109077057
2014-02-18,968.0722846724254
2014-02-19,1095.6495226166398
2014-02-20,1058.997559526411
2014-02-21,1233.8617326975461
2014-02-22,328.22562711094866
2014-02-23,-20.620460751991345
2014-02-24,780.0452641072044
2014-02-25,1008.467808711374
2014-02-26,1353.978382564546
2014-02-27,1456.8719584833686
2014-02-28,1518.7158196173116
2014-03-01,200.8458959527657
2014-03-02,-18.040281627876062
2014-03-03,638.5873128547169
2014-03-04,1099.0206385941283
2014-03-05,1121.1737977995917
2014-03-06,1042.833731154891
2014-03-07,1098.2650269395963
2014-03-08,329.34823494767073
2014-03-09,27.90215538613874
2014-03-10,839.6204848262904
2014-03-11,1147.2232025102555
2014-03-12,1322.7513847294117
2014-03-13,1187.8237850854873
2014-03-14,1243.9370180080036
2014-03-15,306.29813499629796
2014-03-16,-1.0236205977750992
2014-03-17,784.734201814965
2014-03-18,1027.7744909253438
2014-03-19,1117.4286193246444
2014-03-20,1087.2721639760414
2014-03-21,1240.466912124045
2014-03-22,312.4266335621009
2014-03-23,-23.645285154795925
2014-03-24,500.39065805437184
2014-03-25,978.5185560467959
2014-03-26,1261.0297877913267
2014-03-27,1361.1248309382877
2014-03-28,1399.9109754518881
2014-03-29,637.1189176843906
2014-03-30,-32.32756116961331
2014-03-31,1078.4077559983618
2014-04-01,641.0911757079408
2014-04-02,852.2122842586402
2014-04-03,680.9094918330927
2014-04-04,883.2594089727195
2014-04-05,270.3589540921449
2014-04-06,-1.9773411469616882
2014-04-07,702.8079715304218
2014-04-08,1150.604578608881
2014-04-09,1294.0284340820112
2014-04-10,1150.508729000874
2014-04-11,1101.433110952612
2014-04-12,275.37778470559624
2014-04-13,-44.331267474590476
2014-04-14,771.6136224731654
2014-04-15,1005.891311540123
2014-04-16,1101.0025086870676
2014-04-17,835.4592964621136
2014-04-18,799.3103003013953
2014-04-19,210.72769533241782
2014-04-20,-15.942998034244102
2014-04-21,612.6275207193972
2014-04-22,1047.0247686191792
2014-04-23,1157.9313898951748
2014-04-24,1151.315977339364
2014-04-25,1196.2265289473833
2014-04-26,414.90716921660294
2014-04-27,95.22264447211128
2014-04-28,873.6923277716483
2014-04-29,1475.3705405214803
2014-04-30,1690.223450840268
2014-05-01,576.1748379448479
2014-05-02,800.5675164551454
2014-05-03,211.93940769407567
2014-05-04,21.91003273305868
2014-05-05,662.0839624357573
2014-05-06,999.0655473005057
2014-05-07,1059.91795860744
2014-05-08,1203.0659937004575
2014-05-09,1278.824913609064
2014-05-10,365.50913328020124
2014-05-11,42.368412219976065
2014-05-12,796.5949772812818
2014-05-13,1079.5697461781529
2014-05-14,1293.3598730288115
2014-05-15,1204.0417025029922
2014-05-16,1210.4230511830103
2014-05-17,344.58950538180704
2014-05-18,-37.63878832029754
2014-05-19,576.0375269585963
2014-05-20,1053.306278498241
2014-05-21,1225.611149496184
2014-05-22,1236.0706106702257
2014-05-23,1224.5103949959596
2014-05-24,342.5466093799808
2014-05-25,21.470080252324102
2014-05-26,746.2232431366535
2014-05-27,1361.3986070947506
2014-05-28,1638.9827536416815
2014-05-29,1629.914002149037
2014-05-30,1817.6770196305838
2014-05-31,779.4138425186926
2014-06-01,-114.4336569084027
2014-06-02,447.5753400632545
2014-06-03,914.0287654751294
2014-06-04,1179.5144470202422
2014-06-05,1120.6809514777733
2014-06-06,1222.6233669304913
2014-06-07,348.752022404226
2014-06-08,51.92945556091209
2014-06-09,689.4887005299736
2014-06-10,1099.9347627350096
2014-06-11,1352.9360874159051
2014-06-12,1274.0028970307528
2014-06-13,1277.0994451797742
2014-06-14,350.580648483054
2014-06-15,9.863169600951569
2014-06-16,669.5535330431878
2014-06-17,1049.5487539261255
2014-06-18,1081.2403255969289
2014-06-19,1136.7306969900867
2014-06-20,1079.631537039627
2014-06-21,352.31859625354707
2014-06-22,9.704889920963288
2014-06-23,522.2509444465104
2014-06-24,1024.998398207956
2014-06-25,1289.8327267460133
2014-06-26,1434.7755465135037
2014-06-27,1765.3216993916426
2014-06-28,725.0976563005514
2014-06-29,39.51069611577432
2014-06-30,831.4489711976069
2014-07-01,780.5170032149002
2014-07-02,1047.780874551548
2014-07-03,1019.2779908891383
2014-07-04,1230.8327207561852
2014-07-05,359.57805396604437
2014-07-06,45.400879144039514
2014-07-07,745.6800544859715
2014-07-08,1087.152367864049
2014-07-09,1318.4173319462527
2014-07-10,1288.2750421114777
2014-07-11,1304.8506352832367
2014-07-12,373.40824248276454
2014-07-13,29.982862206879474
2014-07-14,834.7528247086266
2014-07-15,1060.306013143097
2014-07-16,1238.170799585255
2014-07-17,1077.6954432804841
2014-07-18,1041.223354933804
2014-07-19,301.48258196303567
2014-07-20,-30.692533627462765
2014-07-21,646.7986875882959
2014-07-22,1066.7377289671913
2014-07-23,1172.5286902150262
2014-07-24,1217.898218124383
2014-07-25,1292.950116531847
2014-07-26,487.7653691191838
2014-07-27,67.61289825997991
2014-07-28,986.9901063623424
2014-07-29,1525.3145820670165
2014-07-30,1691.5312277900887
2014-07-31,1797.1501399128306
2014-08-01,1128.230334515138
2014-08-02,302.94406145756034
2014-08-03,2.2720852887191074
2014-08-04,791.6536081354254
2014-08-05,1019.6568380311091
2014-08-06,1109.2576539467168
2014-08-07,831.5792518597694
2014-08-08,1146.6943416293855
2014-08-09,356.3717178841684
2014-08-10,89.73440468176196
2014-08-11,922.3759315210928
2014-08-12,1151.10637744098
2014-08-13,1368.0298379938693
2014-08-14,1228.5888784493486
2014-08-15,1304.3263535649303
2014-08-16,373.33153040365363
2014-08-17,52.08878190148227
2014-08-18,541.8682686544059
2014-08-19,1053.134546297995
2014-08-20,1034.5318557223634
2014-08-21,1166.041557067727
2014-08-22,1244.0786317201353
2014-08-23,364.4350169294722
2014-08-24,40.47841580249379
2014-08-25,799.1669712870907
2014-08-26,1273.610167433321
2014-08-27,1642.2121299397634
2014-08-28,1649.3754194303312
2014-08-29,1717.5427247072366
2014-08-30,692.5473079029828
2014-08-31,79.92557114057134
2014-09-01,740.0736154666687
2014-09-02,999.2040715914079
2014-09-03,1265.6531609757112
2014-09-04,1262.1874866494175
2014-09-05,1365.605046654422
2014-09-06,386.21956553047244
2014-09-07,-7.406495738108241
2014-09-08,856.8196216571932
2014-09-09,1132.9568732336165
2014-09-10,1537.6292517754234
2014-09-11,1412.3434107222392
2014-09-12,1456.4957668829816
2014-09-13,393.6833495449325
2014-09-14,43.98224156318481
2014-09-15,735.2242306982573
2014-09-16,1124.321536304085
2014-09-17,1278.7048517606393
2014-09-18,1181.6644024854988
2014-09-19,1281.1070952708615
2014-09-20,358.02503346386436
2014-09-21,57.38507651113045
2014-09-22,902.8633133733751
2014-09-23,1193.4148012244052
2014-09-24,1396.359233292599
2014-09-25,1349.4542445425916
2014-09-26,1565.7111321582338
2014-09-27,632.7342770575377
2014-09-28,72.48335672303445
2014-09-29,1178.7506027502056
2014-09-30,1820.7865695409237
2014-10-01,1102.840793950097
2014-10-02,1108.3023238432397
2014-10-03,1315.1115395136287
2014-10-04,345.4805835148429
2014-10-05,24.193761446069377
2014-10-06,651.1881339651164
2014-10-07,1108.1781656913274
2014-10-08,1311.7402097926927
2014-10-09,1284.2361512755417
2014-10-10,1548.407276083103
2014-10-11,388.1105984487061
2014-10-12,61.83118547021638
2014-10-13,565.9166702467348
2014-10-14,1075.0497202708616
2014-10-15,1329.982385568636
2014-10-16,1247.5415450359417
2014-10-17,1320.0146182438148
2014-10-18,313.37320846685793
2014-10-19,40.31507746001535
2014-10-20,660.2952762182449
2014-10-21,1130.3297669246901
2014-10-22,1333.8471770865824
2014-10-23,1336.659290279217
2014-10-24,1403.8591610315575
2014-10-25,369.1748158226893
2014-10-26,88.31111471959615
2014-10-27,1112.1172654150844
2014-10-28,1711.1924876514656
2014-10-29,1770.5340418186229
2014-10-30,1851.5583622699282
2014-10-31,2051.3287963641183
2014-11-01,219.0327041695858
2014-11-02,-81.65253046705152
2014-11-03,261.22126379870775
2014-11-04,854.0795845144495
2014-11-05,1083.020978116546
2014-11-06,1207.5520727859066
2014-11-07,1264.710217627608
2014-11-08,354.8538466473215
2014-11-09,43.20284602155618
2014-11-10,633.9152214020955
2014-11-11,1085.6694849366227
2014-11-12,1453.3925500251473
2014-11-13,1343.6015261365603
2014-11-14,1459.260778102495
2014-11-15,394.78175718028774
2014-11-16,11.37720413015503
2014-11-17,556.875674588844
2014-11-18,1082.717951323432
2014-11-19,1305.5772699736276
2014-11-20,1229.7570618937234
2014-11-21,1464.032738702786
2014-11-22,511.0601005405596
2014-11-23,92.01407693765833
2014-11-24,913.7317257525793
2014-11-25,1119.990905694736
2014-11-26,1579.1862415830824
2014-11-27,1942.3283707697485
2014-11-28,2122.9189784767864
2014-11-29,881.4845800593305
2014-11-30,119.44854177506437
2014-12-01,614.1891258836783
2014-12-02,1275.3796777287962
2014-12-03,1397.324109209414
2014-12-04,1418.5077619143406
2014-12-05,1542.656739982466
2014-12-06,408.74717835203666
2014-12-07,19.950109924310617
2014-12-08,500.3146496940086
2014-12-09,1299.0961804638941
2014-12-10,1560.1662437157404
2014-12-11,1741.1101231132707
2014-12-12,1978.8815973547003
2014-12-13,651.5453390844114
2014-12-14,210.08143324666386
2014-12-15,1127.1914404076235
2014-12-16,1925.2864460615729
2014-12-17,1968.4396066892116
2014-12-18,2056.041749887646
2014-12-19,2139.6600765411686
2014-12-20,816.864119742106
2014-12-21,362.59606947452005
2014-12-22,1454.685322852733
2014-12-23,1963.9620677480116
2014-12-24,1716.119575065957
2014-12-25,1280.3344470259572
2014-12-26,1620.4286298893055
2014-12-27,675.0762547294046
2014-12-28,112.99320542920614
2014-12-29,1521.0465221925526
2014-12-30,2025.7342535226664
2014-12-31,2151.342521781978
2015-01-01,310.2836941871131
2015-01-02,346.03880514269116
2015-01-03,92.87561811821583
2015-01-04,-39.96080735736247
2015-01-05,259.5884048521615
2015-01-06,675.1040497857734
2015-01-07,852.2695060963899
2015-01-08,925.4527682251852
2015-01-09,912.0659488858647
2015-01-10,304.66810905237065
2015-01-11,10.070552315996402
2015-01-12,534.9470811243191
2015-01-13,1015.2982195469059
2015-01-14,1125.4972327613068
2015-01-15,1101.5622841791208
2015-01-16,1136.8665344902547
2015-01-17,382.30922904896266
2015-01-18,9.722387082043273
2015-01-19,634.6250283772407
2015-01-20,1015.3216033969618
2015-01-21,1085.0455087675564
2015-01-22,1122.5643034683744
2015-01-23,1096.3226853827641
2015-01-24,336.2446321627179
2015-01-25,27.700586961833917
2015-01-26,620.2991668298165
2015-01-27,1063.551474491182
2015-01-28,1224.0533312102257
2015-01-29,1192.9469469674839
2015-01-30,1689.5328967864557
2015-01-31,614.7596435725442
2015-02-01,-62.69643201497472
2015-02-02,596.9856707778475
2015-02-03,790.0183703474901
2015-02-04,1098.5109131891018
2015-02-05,1060.0811178366318
2015-02-06,1048.254049553383
2015-02-07,339.9256646733049
2015-02-08,40.36966867242596
2015-02-09,752.7650902902041
2015-02-10,1043.7374286434278
2015-02-11,1179.6601827587767
2015-02-12,1154.0528894939093
2015-02-13,1147.1923022944802
2015-02-14,305.6720452809294
2015-02-15,-2.0738632944847337
2015-02-16,776.9539286550552
2015-02-17,1014.5967823877471
2015-02-18,1109.4759883199345
2015-02-19,1148.5876570707478
2015-02-20,1125.070812644471
2015-02-21,309.5907043693171
2015-02-22,3.809733606110614
2015-02-23,754.7647362781037
2015-02-24,1047.708950372781
2015-02-25,1200.027533998106
2015-02-26,1329.467480882119
2015-02-27,1587.5699061587932
2015-02-28,646.3790126129485
2015-03-01,-52.6756305344054
2015-03-02,494.2862261018452
2015-03-03,833.4243851408912
2015-03-04,1120.0467960784072
2015-03-05,1094.743723199795
2015-03-06,1057.0678701888821
2015-03-07,345.08641939461813
2015-03-08,42.17702312612266
2015-03-09,673.2619591972802
2015-03-10,1116.3464092905058
2015-03-11,1214.4808331194897
2015-03-12,1189.0487593706869
2015-03-13,1156.006122929979
2015-03-14,314.4575544980003
2015-03-15,3.358245654969589
2015-03-16,634.4629993114802
2015-03-17,1063.7353943980665
2015-03-18,1117.5349447473045
2015-03-19,1167.6567271165206
2015-03-20,1128.2698365258998
2015-03-21,299.58889297656896
2015-03-22,-1.3002393882446575
2015-03-23,492.3110086482189
2015-03-24,1027.6445187496
2015-03-25,1126.5474612008768
2015-03-26,1247.4070136421296
2015-03-27,1484.215897546843
2015-03-28,538.8170993907889
2015-03-29,-44.98083612940661
2015-03-30,1058.7910538893893
2015-03-31,1834.7270189745368
2015-04-01,516.6819704030427
2015-04-02,481.3414795091667
2015-04-03,556.4834081002681
2015-04-04,267.32162161550156
2015-04-05,-10.219067348902035
2015-04-06,559.5456801826955
2015-04-07,963.6443052863102
2015-04-08,1159.0450173531242
2015-04-09,1090.2718157159914
2015-04-10,1037.4958890184314
2015-04-11,315.46004899982455
2015-04-12,-20.511971400558714
2015-04-13,665.2542507810667
2015-04-14,966.7762517172001
2015-04-15,1039.6298286362112
2015-04-16,918.6803523223207
2015-04-17,915.3609336224943
2015-04-18,214.10149722593684
2015-04-19,-32.009059722023046
2015-04-20,515.9781518030406
2015-04-21,991.5876330435855
2015-04-22,1100.5546253669565
2015-04-23,1132.796202045117
2015-04-24,1085.3038729313653
2015-04-25,411.16037476324
2015-04-26,74.18412406694554
2015-04-27,859.1238719926356
2015-04-28,1311.7976331221566
2015-04-29,1454.2216353836411
2015-04-30,1884.0804305345616
2015-05-01,453.68821312239584
2015-05-02,191.27563252755868
2015-05-03,-16.572223447398603
2015-05-04,492.3070028504794
2015-05-05,910.8328714271001
2015-05-06,1047.2301285761025
2015-05-07,1006.9536904330915
2015-05-08,1096.5811529365697
2015-05-09,335.2265253679266
2015-05-10,39.08223632481435
2015-05-11,605.3569804777361
2015-05-12,1049.372739380399
2015-05-13,1136.7140643327004
2015-05-14,1068.311472437799
2015-05-15,1065.954127836982
2015-05-16,329.25980039392016
2015-05-17,17.72836547608811
2015-05-18,391.8826304179904
2015-05-19,1011.9860592675064
2015-05-20,1047.54840388315
2015-05-21,1152.8727679892588
2015-05-22,1121.1348672395752
2015-05-23,369.78490196681975
2015-05-24,28.789875727339286
2015-05-25,625.7041682884081
2015-05-26,1079.2630189634076
2015-05-27,1451.9267713201443
2015-05-28,1481.2172813460957
2015-05-29,1609.8435475885365
2015-05-30,620.1933120926889
2015-05-31,95.90112743609401
2015-06-01,283.8600682802513
2015-06-02,606.3753668717911
2015-06-03,944.2291995502809
2015-06-04,1122.5902234990976
2015-06-05,1106.6031256947854
2015-06-06,375.4790123366178
2015-06-07,25.49412294017741
2015-06-08,412.4613909311847
2015-06-09,1010.3042105255082
2015-06-10,1188.7736226759407
2015-06-11,1187.672361859699
2015-06-12,1131.5984848153525
2015-06-13,338.03521527277417
2015-06-14,-4.350356273955862
2015-06-15,422.02063946042693
2015-06-16,987.3472203304042
2015-06-17,1094.9290419254341
2015-06-18,1117.1386181019482
2015-06-19,1115.9598808948645
2015-06-20,336.61430534042137
2015-06-21,14.235219017979299
2015-06-22,501.2233695615879
2015-06-23,1040.6394188717593
2015-06-24,1140.6660191751014
2015-06-25,1214.5274301836314
2015-06-26,1356.7192684440713
2015-06-27,489.51520029505997
2015-06-28,-71.54786574488361
2015-06-29,521.4709896909171
2015-06-30,1669.3362047464645
2015-07-01,697.1786171649803
2015-07-02,800.152663531974
2015-07-03,979.0028261014056
2015-07-04,350.208732699158
2015-07-05,28.317377029788485
2015-07-06,539.754744011438
2015-07-07,934.9020591897755
2015-07-08,1124.9504601694412
2015-07-09,1144.0465422832951
2015-07-10,1179.1255114679261
2015-07-11,355.2260685896351
2015-07-12,21.460817833053706
2015-07-13,628.5146801819224
2015-07-14,999.9487215839348
2015-07-15,1110.0839184251392
2015-07-16,1091.062482194028
2015-07-17,1094.096291121027
2015-07-18,297.05498924692097
2015-07-19,-13.211155819892559
2015-07-20,432.28867409091896
2015-07-21,953.646376069234
2015-07-22,1037.5219959889873
2015-07-23,1118.4818312209834
2015-07-24,1105.780975476644
2015-07-25,427.0038088764269
2015-07-26,19.32127551845509
2015-07-27,898.1513917186552
2015-07-28,1237.2652672892912
2015-07-29,1450.2880785777188
2015-07-30,1872.8758685720463
2015-07-31,2045.1011095891602
2015-08-01,304.0355983895431
2015-08-02,10.706102593340312
2015-08-03,532.4836656050925
2015-08-04,946.6654217516498
2015-08-05,996.6113820252184
2015-08-06,1010.3441105057824
2015-08-07,812.9200157757886
2015-08-08,270.41138294886036
2015-08-09,8.548501302591735
2015-08-10,680.6382132023951
2015-08-11,1050.4117544194412
2015-08-12,1174.4502515651743
2015-08-13,1098.4917529807053
2015-08-14,1094.2593348710461
2015-08-15,342.17752408521557
2015-08-16,11.122127661460064
2015-08-17,480.29469961034323
2015-08-18,947.1799639292655
2015-08-19,1085.880604008643
2015-08-20,1001.2173991005512
2015-08-21,1031.3976555461782
2015-08-22,351.8626019118924
2015-08-23,3.4950395173958917
2015-08-24,615.5914492152574
2015-08-25,1104.8310539149084
2015-08-26,1270.7238940392824
2015-08-27,1434.0040765427516
2015-08-28,1450.3342269335137
2015-08-29,561.4241707165994
2015-08-30,-42.27833010166552
2015-08-31,1473.789400857546
2015-09-01,699.0334093151592
2015-09-02,850.950491905669
2015-09-03,1035.2841205644154
2015-09-04,1117.2824137282473
2015-09-05,362.196347658251
2015-09-06,40.04877673034395
2015-09-07,607.0387666278691
2015-09-08,1027.0175983374863
2015-09-09,1194.9777665020893
2015-09-10,1216.844686204319
2015-09-11,1139.3695805266968
2015-09-12,366.6413066808419
2015-09-13,16.796642512623563
2015-09-14,599.2303507591922
2015-09-15,1001.8411317406228
2015-09-16,1094.1967606131252
2015-09-17,1086.7903143062842
2015-09-18,1062.3495188048796
2015-09-19,324.80215829677536
2015-09-20,8.70719742385715
2015-09-21,597.1621891093954
2015-09-22,1044.3241239473696
2015-09-23,1076.138488209533
2015-09-24,1098.1395177845632
2015-09-25,1130.4627167164492
2015-09-26,373.8335650071913
2015-09-27,-21.862091477277335
2015-09-28,917.0510012533423
2015-09-29,1369.2531571913323
2015-09-30,2002.9850139889743
2015-10-01,795.3353405253608
2015-10-02,834.0064343308094
2015-10-03,302.7949854873255
2015-10-04,43.33472459036064
2015-10-05,504.75938475571195
2015-10-06,1017.5255537278437
2015-10-07,945.3908332299203
2015-10-08,1010.6369485086037
2015-10-09,1067.8301439264878
2015-10-10,375.6710302116843
2015-10-11,19.522090883046967
2015-10-12,521.0193009539918
2015-10-13,947.3480137200379
2015-10-14,1030.0930032096278
2015-10-15,1001.461294704673
2015-10-16,1021.0542898882259
2015-10-17,301.12846010442354
2015-10-18,-34.656583706144666
2015-10-19,460.1448073930299
2015-10-20,966.7640832811296
2015-10-21,1024.501384016958
2015-10-22,1070.4939526425321
2015-10-23,1081.2297343470952
2015-10-24,337.39580126381964
2015-10-25,10.889950153185886
2015-10-26,825.9806731016458
2015-10-27,1112.5425478416848
2015-10-28,1440.8439340852244
2015-10-29,1564.8744499882464
2015-10-30,2024.0097535616214
2015-10-31,766.6558104235124
2015-11-01,-40.71760858944388
2015-11-02,193.4850358670245
2015-11-03,654.3499345307589
2015-11-04,825.056874731245
2015-11-05,893.5994252200572
2015-11-06,972.3402047809777
2015-11-07,337.8330232391765
2015-11-08,-5.071611293497076
2015-11-09,342.9366882376244
2015-11-10,959.3290258132006
2015-11-11,1031.9509064313752
2015-11-12,1055.7030350697678
2015-11-13,1012.9539801368381
2015-11-14,302.1177162457979
2015-11-15,-54.873636768236715
2015-11-16,247.18009481287513
2015-11-17,903.5391827176259
2015-11-18,1047.5383039929666
2015-11-19,1085.7614751530518
2015-11-20,1043.5518738226706
2015-11-21,388.61226249714974
2015-11-22,27.955350690871732
2015-11-23,769.5310018659924
2015-11-24,1045.3029627883732
2015-11-25,1126.9242743831062
2015-11-26,1230.6351192517766
2015-11-27,1554.2109816631375
2015-11-28,642.7160970011641
2015-11-29,41.85847840483876
2015-11-30,1631.8593094702096
2015-12-01,841.3000790995858
2015-12-02,908.5296961146917
2015-12-03,1067.1511497402337
2015-12-04,1163.003967317741
2015-12-05,374.7006751905897
2015-12-06,35.882580439685725
2015-12-07,502.8803626515537
2015-12-08,804.28231506815
2015-12-09,1083.4520287851835
2015-12-10,1202.1874444274918
2015-12-11,1424.0233871971236
2015-12-12,367.97046695119
2015-12-13,18.450053160755303
2015-12-14,827.9268516456729
2015-12-15,1510.0062699079424
2015-12-16,1570.565612261823
2015-12-17,1563.485470752106
2015-12-18,1716.1508946298545
2015-12-19,585.150353941695
2015-12-20,184.94077185940648
2015-12-21,1102.4759100160918
2015-12-22,1688.0226434475398
2015-12-23,1676.7013770703281
2015-12-24,1382.461555986079
2015-12-25,1321.6504659046673
2015-12-26,299.8597313032477
2015-12-27,-3.786360467140049
2015-12-28,1366.2318532726963
2015-12-29,2031.8961213318362
2015-12-30,2385.6177259439405
2015-12-31,2364.0389751906655
2016-01-01,275.3793756641528
2016-01-02,22.39070408257192
2016-01-03,-113.77862340307288
2016-01-04,115.47855164550649
2016-01-05,490.3893292093987
2016-01-06,648.184556072908
2016-01-07,737.8465836348543
2016-01-08,753.5780656057652
2016-01-09,132.00954755686763
2016-01-10,-17.93970445280694
2016-01-11,334.66535841712965
2016-01-12,714.7642147526412
2016-01-13,943.0538121855752
2016-01-14,961.3171525166173
2016-01-15,991.9213661626392
2016-01-16,282.51624237088964
2016-01-17,70.82552940206321
2016-01-18,595.6829651867013
2016-01-19,841.6530482530278
2016-01-20,868.97468738468
2016-01-21,996.9393561606212
2016-01-22,968.7267853697646
2016-01-23,252.0455002225987
2016-01-24,-5.315411230004151
2016-01-25,513.5016950658443
2016-01-26,859.1732014092511
2016-01-27,1028.1817523483812
2016-01-28,1177.035702807755
2016-01-29,1308.723551529303
2016-01-30,557.9046145691372
2016-01-31,66.56689128567207
2016-02-01,479.4592818933348
2016-02-02,590.5562777245433
2016-02-03,772.5617469952991
2016-02-04,942.8630967282209
2016-02-05,945.9214047536841
2016-02-06,235.41102440349667
2016-02-07,17.539553832836358
2016-02-08,612.4641930349088
2016-02-09,809.0407889989785
2016-02-10,909.6350137847347
2016-02-11,965.7718059535586
2016-02-12,983.4850415212184
2016-02-13,231.45117839146744
2016-02-14,7.122180499219838
2016-02-15,748.347718592184
2016-02-16,805.3083762972082
2016-02-17,909.2095715813017
2016-02-18,974.3439840098674
2016-02-19,1012.677220851667
2016-02-20,208.48766414238645
2016-02-21,-22.227848848085767
2016-02-22,734.4121417879645
2016-02-23,940.5508416182603
2016-02-24,1052.187230323614
2016-02-25,1130.0825618553174
2016-02-26,1287.1646675665197
2016-02-27,527.286587829701
2016-02-28,38.704409389130696
2016-02-29,1010.0005533598032
2016-03-01,517.1234816640526
2016-03-02,667.2571816147897
2016-03-03,844.7788917365236
2016-03-04,957.5429791028853
2016-03-05,236.16001199794601
2016-03-06,16.37299179867792
2016-03-07,512.4593250533068
2016-03-08,841.9728672711601
2016-03-09,927.5256321413606
2016-03-10,990.708925034409
2016-03-11,995.9380907332339
2016-03-12,237.13410469207653
2016-03-13,11.026324156439864
2016-03-14,624.7186794196415
2016-03-15,835.758618238321
2016-03-16,917.4411194870888
2016-03-17,955.5861717056263
2016-03-18,996.4775032416602
2016-03-19,224.2305805886853
2016-03-20,-35.27834321842955
2016-03-21,403.2516839356269
2016-03-22,792.9551494293654
2016-03-23,991.0323589122663
2016-03-24,1064.71453183157
2016-03-25,1114.3299518560232
2016-03-26,219.69586401227434
2016-03-27,6.96615992934526
2016-03-28,648.2769105419768
2016-03-29,1079.0174980835934
2016-03-30,1726.3912158163625
2016-03-31,1940.0730641745495
2016-04-01,349.57437037623924
2016-04-02,94.03574699269221
2016-04-03,-40.19144636968028
2016-04-04,430.98487713596546
2016-04-05,740.6026851877104
2016-04-06,810.6167870869441
2016-04-07,818.458176233579
2016-04-08,834.7617119981036
2016-04-09,218.83054615780947
2016-04-10,19.142839490384205
2016-04-11,590.2338501712971
2016-04-12,770.5513858961015
2016-04-13,798.4373412184162
2016-04-14,740.4346495280688
2016-04-15,735.4355059747921
2016-04-16,154.13360702682178
2016-04-17,-25.05276527836967
2016-04-18,459.60622949543574
2016-04-19,753.0590536837212
2016-04-20,825.6708500161724
2016-04-21,952.0195763247388
2016-04-22,909.3078761194165
2016-04-23,251.96222590300178
2016-04-24,8.410264522937869
2016-04-25,618.6348934678069
2016-04-26,1006.1488051294382
2016-04-27,1279.2659748352548
2016-04-28,1459.5864237238147
2016-04-29,1538.5871948199758
2016-04-30,716.3988530834489
2016-05-01,-111.58934857866413
2016-05-02,210.06480162562144
2016-05-03,586.2936527261866
2016-05-04,830.9891505560277
2016-05-05,893.9363537746475
2016-05-06,882.9143861700175
2016-05-07,213.88161114897164
2016-05-08,20.966568795942646
2016-05-09,372.0094319479767
2016-05-10,814.041866677947
2016-05-11,913.6101756870685
2016-05-12,954.2298961052859
2016-05-13,901.4857610751186
2016-05-14,222.226864793683
2016-05-15,-10.189602025873775
2016-05-16,470.7155528275538
2016-05-17,787.937317965725
2016-05-18,869.936665425918
2016-05-19,952.2675334606772
2016-05-20,876.6510347153405
2016-05-21,256.1955980365573
2016-05-22,30.694835492379585
2016-05-23,538.5193290144623
2016-05-24,948.4938966771567
2016-05-25,1105.4570616185915
2016-05-26,1217.1598181380605
2016-05-27,1386.2677184152253
2016-05-28,532.5665769908742
2016-05-29,-34.409608202630544
2016-05-30,1056.5023647699732
2016-05-31,1842.9698025324526
2016-06-01,511.43312875462556
2016-06-02,653.0266031497972
2016-06-03,822.874657476362
2016-06-04,213.06232871868008
2016-06-05,9.009828857912504
2016-06-06,305.05846694019647
2016-06-07,704.0828125509227
2016-06-08,840.5572366449949
2016-06-09,935.6079163259841
2016-06-10,1001.9781663669208
2016-06-11,246.70416852844065
2016-06-12,8.893725653531343
2016-06-13,452.8590457845456
2016-06-14,759.8680496444899
2016-06-15,856.9872552774237
2016-06-16,926.5324080421173
2016-06-17,931.6863089954428
2016-06-18,224.1886027610836
2016-06-19,12.548017867498817
2016-06-20,374.2696311572323
2016-06-21,768.7448975990856
2016-06-22,917.3509646924681
2016-06-23,1142.1172107762895
2016-06-24,1080.6417609923806
2016-06-25,312.10266521769415
2016-06-26,0.32943155525870504
2016-06-27,662.1251916974694
2016-06-28,1093.8891119299722
2016-06-29,1363.5023343322557
2016-06-30,1977.2202569164456
2016-07-01,653.6092594469303
2016-07-02,171.97419396445216
2016-07-03,5.208660190417175
2016-07-04,401.3042859269319
2016-07-05,702.7795390441447
2016-07-06,827.3559982454207
2016-07-07,828.1040498344798
2016-07-08,902.9614542940132
2016-07-09,226.67099828888527
2016-07-10,26.906315191468625
2016-07-11,546.2549664417793
2016-07-12,778.2604329005877
2016-07-13,869.3620075285648
2016-07-14,883.480096314666
2016-07-15,896.1088404652354
2016-07-16,230.0457330412095
2016-07-17,18.121361267551308
2016-07-18,414.1166319321143
2016-07-19,766.2350456769976
2016-07-20,696.7159658670992
2016-07-21,892.4480509547675
2016-07-22,902.127441068298
2016-07-23,231.4974937856581
2016-07-24,-23.841317953346636
2016-07-25,708.0086018489912
2016-07-26,942.7649545763339
2016-07-27,1221.26851321897
2016-07-28,1418.3561660236473
2016-07-29,1463.6653821077662
2016-07-30,691.4111143198359
2016-07-31,140.30034246392495
2016-08-01,420.8642807749588
2016-08-02,598.7710311420437
2016-08-03,778.5624383512269
2016-08-04,884.9483092877184
2016-08-05,933.667168563832
2016-08-06,211.97137302244786
2016-08-07,-109.78848930846996
2016-08-08,364.9925203834008
2016-08-09,738.4573233110603
2016-08-10,936.7998338475757
2016-08-11,959.0795028139048
2016-08-12,965.5456982582607
2016-08-13,245.049226303614
2016-08-14,10.95784043983413
2016-08-15,382.7693145247626
2016-08-16,770.0814170759684
2016-08-17,881.0388737963788
2016-08-18,900.4141887000582
2016-08-19,929.4982569990735
2016-08-20,170.18173822264816
2016-08-21,-34.77260145956235
2016-08-22,580.0227196012589
2016-08-23,914.6085692784059
2016-08-24,999.7916278287313
2016-08-25,1081.4049329139887
2016-08-26,1121.3367674694155
2016-08-27,363.83269525821567
2016-08-28,-67.09264179634935
2016-08-29,830.0378413293885
2016-08-30,1825.3477876064721
2016-08-31,2074.8910045424977
2016-09-01,675.4712001854417
2016-09-02,770.7860390632095
2016-09-03,192.2876530457552
2016-09-04,14.099408916754241
2016-09-05,512.5410601435995
2016-09-06,787.3506780302948
2016-09-07,760.1688577630949
2016-09-08,812.6555601388794
2016-09-09,952.9542035945229
2016-09-10,286.3839543126388
2016-09-11,26.55364824570863
2016-09-12,637.9159729584811
2016-09-13,782.1674088939624
2016-09-14,889.6560600395909
2016-09-15,893.0691136401299
2016-09-16,920.1514654067926
2016-09-17,248.1953112022684
2016-09-18,2.2272389638431758
2016-09-19,543.1242436795262
2016-09-20,736.1849631072565
2016-09-21,865.7220550461983
2016-09-22,962.2175571381498
2016-09-23,1073.8277288202892
2016-09-24,242.35886428925957
2016-09-25,43.40911876694351
2016-09-26,874.0590716142964
2016-09-27,1013.4451214184556
2016-09-28,1385.5198525365847
2016-09-29,1524.4438048386685
2016-09-30,2128.346648545788
2016-10-01,209.1664532698931
2016-10-02,20.66657654711554
2016-10-03,371.569358807883
2016-10-04,743.9614715037618
2016-10-05,809.3747758167447
2016-10-06,902.3456085213046
2016-10-07,771.5899918246226
2016-10-08,170.48188448873677
2016-10-09,-7.554054856424544
2016-10-10,496.6617724878905
2016-10-11,798.0117867803668
2016-10-12,880.5715389162488
2016-10-13,834.9126419030312
2016-10-14,858.7803653079291
2016-10-15,189.89945567358023
2016-10-16,-12.29618412608685
2016-10-17,376.41671446764883
2016-10-18,751.1149519453628
2016-10-19,854.3860016000075
2016-10-20,862.0670084291696
2016-10-21,931.5190313591992
2016-10-22,266.3489983075467
2016-10-23,13.10415567236687
2016-10-24,683.5401022324678
2016-10-25,936.9613590336324
2016-10-26,1040.1488933526139
2016-10-27,1258.5208426809534
2016-10-28,1451.6130593127516
2016-10-29,585.1936282989756
2016-10-30,68.24889077574187
2016-10-31,1607.6717007260356
2016-11-01,451.4689748372068
2016-11-02,581.8524338360758
2016-11-03,737.7507016495415
2016-11-04,855.5918437120824
2016-11-05,215.24864993278177
2016-11-06,61.05049411705508
2016-11-07,201.70503333778592
2016-11-08,625.8872741403163
2016-11-09,911.6084911936964
2016-11-10,966.0088868199115
2016-11-11,954.4881469495177
2016-11-12,252.61542017305695
2016-11-13,-30.928874317992953
2016-11-14,226.1072854318374
2016-11-15,683.1139791924037
2016-11-16,844.5915287098932
2016-11-17,955.012578731887
2016-11-18,998.4665142787331
2016-11-19,299.61799687923735
2016-11-20,45.72069564607996
2016-11-21,566.2524450445254
2016-11-22,930.208556867281
2016-11-23,1159.6858924614808
2016-11-24,1142.4106029087807
2016-11-25,1118.1645509210327
2016-11-26,367.5281165931465
2016-11-27,2.204567346138448
2016-11-28,1146.290273813856
2016-11-29,1876.0765743813515
2016-11-30,2590.6212805360387
2016-12-01,802.7605715489643
2016-12-02,807.3154407397075
2016-12-03,243.65220935499366
2016-12-04,-0.7924275737168212
2016-12-05,477.42979069164204
2016-12-06,841.0181539195642
2016-12-07,849.9119709990335
2016-12-08,582.7037984731851
2016-12-09,948.7513851300109
2016-12-10,209.3305872734898
2016-12-11,-61.00796089713335
2016-12-12,721.9549873743642
2016-12-13,1440.78273327869
2016-12-14,1500.0451106211522
2016-12-15,1490.087925929101
2016-12-16,1531.5639930965217
2016-12-17,323.6553047283598
2016-12-18,155.81884031924716
2016-12-19,1035.8627875073512
2016-12-20,1646.2046152983132
2016-12-21,1707.3735942601
2016-12-22,1684.3928785794437
2016-12-23,1634.0977393669004
2016-12-24,255.19373292683227
2016-12-25,-149.93644548052475
2016-12-26,1053.6287548810865
2016-12-27,1838.4484706576022
2016-12-28,2339.335961435439
2016-12-29,2468.204962056559
2016-12-30,2062.179907112215
2016-12-31,570.254968503497
2017-01-01,-153.83033909783066
2017-01-02,50.349102769467954
2017-01-03,406.35558097800384
2017-01-04,651.0590607326833
2017-01-05,667.2137610794147
2017-01-06,679.1171728784485
2017-01-07,127.0988603837769
2017-01-08,-23.518677372231707
2017-01-09,163.96906897783884
2017-01-10,641.7964646866275
2017-01-11,795.2583618037758
2017-01-12,875.2347217593248
2017-01-13,941.1247907417908
2017-01-14,280.37456822169963
2017-01-15,52.26751203410363
2017-01-16,559.7997618677236
2017-01-17,830.2136331318187
2017-01-18,879.2603613102311
2017-01-19,861.60839957145
2017-01-20,850.327989300177
2017-01-21,213.2668937058599
2017-01-22,-16.546879276220654
2017-01-23,535.9930349616671
2017-01-24,853.3942714772264
2017-01-25,951.0490933614204
2017-01-26,964.2977077916725
2017-01-27,1159.2366267191494
2017-01-28,533.2003749165401
2017-01-29,-36.20208516080057
2017-01-30,964.1948810997907
2017-01-31,1703.8841984545747
2017-02-01,548.8457355605399
2017-02-02,634.7378979036687
2017-02-03,705.0544754837969
2017-02-04,236.27404147519798
2017-02-05,21.87599725160727
2017-02-06,607.1735636504765
2017-02-07,791.0632149510166
2017-02-08,859.3256395614185
2017-02-09,876.6933768012714
2017-02-10,908.6397974899406
2017-02-11,244.2412906957945
2017-02-12,16.015298008136913
2017-02-13,700.9776700121095
2017-02-14,764.9035621078717
2017-02-15,823.9930045995492
2017-02-16,787.3537215519971
2017-02-17,875.1330147632711
2017-02-18,207.16006610304868
2017-02-19,9.506892954254988
2017-02-20,594.6056683640496
2017-02-21,677.175843972817
2017-02-22,869.7330328008159
2017-02-23,1012.6254040353086
2017-02-24,1079.7304980491667
2017-02-25,271.36486689088355
2017-02-26,13.36756821154332
2017-02-27,985.1824907347377
2017-02-28,1133.2230623226556
2017-03-01,564.521434415456
2017-03-02,649.2543721007775
2017-03-03,709.2268227932377
2017-03-04,239.84738009119317
2017-03-05,25.44933586760249
2017-03-06,497.42904797480594
2017-03-07,819.3113536829194
2017-03-08,868.5538755517605
2017-03-09,878.5343085779699
2017-03-10,908.3769703124506
2017-03-11,248.7816296328523
2017-03-12,20.555636945194735
2017-03-13,610.9659291389545
2017-03-14,792.7911433134036
2017-03-15,835.0800109233503
2017-03-16,801.4683130907001
2017-03-17,879.2206580473473
2017-03-18,209.1375366645929
2017-03-19,0.7519848678763243
2017-03-20,358.4817026819779
2017-03-21,686.6961092423223
2017-03-22,851.435657894578
2017-03-23,989.9480761368133
2017-03-24,1012.2214485450097
2017-03-25,206.78913856154566
2017-03-26,-44.531552439688475
2017-03-27,667.7792384952572
2017-03-28,1059.3179834856548
2017-03-29,1195.9743467932897
2017-03-30,1742.693502522622
2017-03-31,2037.1893117103166
2017-04-01,57.32528061049291
2017-04-02,-56.969752328282
2017-04-03,322.31945319046974
2017-04-04,771.5217284223543
2017-04-05,794.8958802022041
2017-04-06,758.542600738155
2017-04-07,742.8388877905975
2017-04-08,236.11439429755384
2017-04-09,17.127316407886326
2017-04-10,580.4592047380696
2017-04-11,824.2019535528988
2017-04-12,789.2332445251591
2017-04-13,618.4732315911895
2017-04-14,645.1112956023275
2017-04-15,142.53784521579118
2017-04-16,-45.27338564886011
2017-04-17,550.1665589163846
2017-04-18,708.9123363734037
2017-04-19,751.7541062928541
2017-04-20,695.3472410005386
2017-04-21,792.2591681126252
2017-04-22,253.32344631040814
2017-04-23,0.28681796931792425
2017-04-24,549.0114403070406
2017-04-25,978.7926531702108
2017-04-26,1114.6405680968714
2017-04-27,1288.0729519949073
2017-04-28,1510.7801643139278
2017-04-29,646.8079914795073
2017-04-30,60.62191689700499
2017-05-01,197.55550075159005
2017-05-02,473.5874317651393
2017-05-03,707.2129216605668
2017-05-04,845.5867100851066
2017-05-05,857.19139650842
2017-05-06,234.9460776509123
2017-05-07,15.718189290049313
2017-05-08,393.00340917570884
2017-05-09,788.2634549504246
2017-05-10,884.6449041842515
2017-05-11,865.4786847711258
2017-05-12,867.1043876171268
2017-05-13,223.07511398904416
2017-05-14,6.674349846257593
2017-05-15,423.4292713759609
2017-05-16,740.6024449660562
2017-05-17,821.9838651628407
2017-05-18,811.4943539489014
2017-05-19,819.3975213852491
2017-05-20,213.66964668521857
2017-05-21,-3.9314589837991942
2017-05-22,553.2858626558136
2017-05-23,930.2057522699512
2017-05-24,1030.9647839929944
2017-05-25,1089.819645721004
2017-05-26,1154.3695482727742
2017-05-27,374.5750234572809
2017-05-28,-99.57317581701264
2017-05-29,570.2052046413842
2017-05-30,1657.0257953045527
2017-05-31,2037.1941025658653
2017-06-01,511.2084430511857
2017-06-02,651.3933252822833
2017-06-03,174.9533975403689
2017-06-04,17.716945509408877
2017-06-05,355.41129209316654
2017-06-06,752.8703276758579
2017-06-07,799.1490991233238
2017-06-08,811.3199760441614
2017-06-09,871.4948015720609
2017-06-10,271.74609880256645
2017-06-11,30.501144756165136
2017-06-12,493.7585195898442
2017-06-13,742.1121086115933
2017-06-14,826.8886538174409
2017-06-15,791.1881920641108
2017-06-16,831.7146075742286
2017-06-17,242.91731762222537
2017-06-18,13.947966644542447
2017-06-19,332.8183163095835
2017-06-20,671.0198451891747
2017-06-21,817.073493610762
2017-06-22,947.6237198357859
2017-06-23,1054.8814022425304
2017-06-24,254.7941845148491
2017-06-25,29.399632899759894
2017-06-26,562.5712575575249
2017-06-27,939.3985567048998
2017-06-28,1362.1109721915293
2017-06-29,1420.8989180016574
2017-06-30,2066.718237179741
2017-07-01,101.83387162176001
2017-07-02,-19.58713575276455
2017-07-03,347.66053355250983
2017-07-04,719.9179091297744
2017-07-05,810.1463454444881
2017-07-06,825.4629993342628
2017-07-07,780.8403773601251
2017-07-08,226.84043854081102
2017-07-09,9.066735158188367
2017-07-10,563.5567105404799
2017-07-11,786.8973992271258
2017-07-12,847.1457275694501
2017-07-13,764.7399000189945
2017-07-14,811.8049979420208
2017-07-15,228.5557296803883
2017-07-16,18.358841691878304
2017-07-17,522.523999406684
2017-07-18,730.9235006841121
2017-07-19,770.0880147803413
2017-07-20,620.883194364937
2017-07-21,762.8624579181042
2017-07-22,215.42719592975453
2017-07-23,-51.86003522489358
2017-07-24,642.8871195958436
2017-07-25,945.414829463155
2017-07-26,1060.4038094111613
2017-07-27,1232.7467829428729
2017-07-28,1419.353602000185
2017-07-29,571.0133868856911
2017-07-30,12.93834941358143
2017-07-31,1438.2097370857757
2017-08-01,559.7237718296443
2017-08-02,663.1121982964571
2017-08-03,781.4157775685999
2017-08-04,881.8319180287524
2017-08-05,215.7833279372766
2017-08-06,-13.776207898933693
2017-08-07,339.498014628682
2017-08-08,671.3762788668179
2017-08-09,829.6781294698216
2017-08-10,878.203778691087
2017-08-11,899.6586096156453
2017-08-12,274.00463427422727
2017-08-13,23.74996113318192
2017-08-14,487.27606849983977
2017-08-15,750.4787726368453
2017-08-16,814.0497879578237
2017-08-17,791.4592564762283
2017-08-18,832.1252613676056
2017-08-19,205.49039674069425
2017-08-20,-61.766060670009466
2017-08-21,295.68377291033556
2017-08-22,742.4691831988916
2017-08-23,933.4198618165917
2017-08-24,978.1958248591914
2017-08-25,1058.6164319014963
2017-08-26,212.79285350463303
2017-08-27,-55.556413454577005
2017-08-28,807.2105780826103
2017-08-29,1119.8130698958573
2017-08-30,1964.617643013134
2017-08-31,2123.2459345923985
2017-09-01,667.2616063296233
2017-09-02,188.54445865875238
2017-09-03,-1.1711335279010533
2017-09-04,460.01064277215056
2017-09-05,718.1504943652254
2017-09-06,790.0029440776675
2017-09-07,683.1751923601146
2017-09-08,784.9046564551995
2017-09-09,204.18126941077418
2017-09-10,62.423710583551596
2017-09-11,607.3685708047595
2017-09-12,787.4752120885104
2017-09-13,845.2372410540004
2017-09-14,767.8711371178808
2017-09-15,818.1300559321644
2017-09-16,217.1379305251175
2017-09-17,25.007408028553634
2017-09-18,493.0782400269714
2017-09-19,718.5527343529012
2017-09-20,695.999557333857
2017-09-21,810.1928107414253
2017-09-22,939.9398054565961
2017-09-23,239.90901101184159
2017-09-24,-10.164729964262241
2017-09-25,807.7332640675419
2017-09-26,961.786609116312
2017-09-27,1153.403856663939
2017-09-28,1482.9056967843096
2017-09-29,1543.942221068406
2017-09-30,725.8039509467011
2017-10-01,10.092607910895202
2017-10-02,323.8452587938779
2017-10-03,644.0771244909748
2017-10-04,760.984218350283
2017-10-05,767.1703562463607
2017-10-06,781.6816979243314
2017-10-07,151.4786764510414
2017-10-08,-32.09868852530717
2017-10-09,296.88433285989925
2017-10-10,778.6642439932361
2017-10-11,827.1920467001783
2017-10-12,787.9792062566675
2017-10-13,768.086143233135
2017-10-14,179.69812536084066
2017-10-15,-19.49574148106659
2017-10-16,265.1072639642941
2017-10-17,690.6360049793354
2017-10-18,765.213848501821
2017-10-19,758.8731965623368
2017-10-20,759.4185750468185
2017-10-21,207.8167198685333
2017-10-22,0.5256834808138967
2017-10-23,707.7243044218186
2017-10-24,953.3758509332418
2017-10-25,1009.528892089523
2017-10-26,1065.8963607976825
2017-10-27,1207.7295604125554
2017-10-28,510.88361778282973
2017-10-29,-11.751279236746804
2017-10-30,1494.3616309707274
2017-10-31,2206.7762687476716
2017-11-01,571.1444240955228
2017-11-02,638.3156538412698
2017-11-03,694.0726548917899
2017-11-04,184.0912740021107
2017-11-05,-41.459746940013
2017-11-06,274.1504892269135
2017-11-07,643.1490580815167
2017-11-08,728.0988578538617
2017-11-09,823.4916347920284
2017-11-10,904.8935006128232
2017-11-11,242.4767230118398
2017-11-12,-16.98011495693092
2017-11-13,211.06911634628943
2017-11-14,631.086034202375
2017-11-15,756.0155253614986
2017-11-16,745.0037930605146
2017-11-17,824.3319840038656
2017-11-18,264.7432014737241
2017-11-19,20.22542059067026
2017-11-20,455.488546162869
2017-11-21,784.7842564276266
2017-11-22,1028.3312305025506
2017-11-23,1141.276789073558
2017-11-24,1126.6658418850689
2017-11-25,381.56822273647276
2017-11-26,2.3161348581124144
2017-11-27,1080.3459583606596
2017-11-28,1816.8740524890302
2017-11-29,2163.8524092340854
2017-11-30,2662.4167446837887
2017-12-01,737.4469747041157
2017-12-02,231.54646712229115
2017-12-03,-26.52082998679858
2017-12-04,416.26499224117714
2017-12-05,747.5749141336253
2017-12-06,852.589532914703
2017-12-07,819.0220937950102
2017-12-08,513.789478820398
2017-12-09,47.52665239223073
2017-12-10,-105.83745556207523
2017-12-11,567.0856406010882
2017-12-12,1227.2672304723724
2017-12-13,1350.2705069785075
2017-12-14,1307.8222706585814
2017-12-15,1330.8049380115845
2017-12-16,271.03598258289463
2017-12-17,-5.8687570980329
2017-12-18,858.2903470752238
2017-12-19,1461.4769052708461
2017-12-20,1532.1636659396058
2017-12-21,1557.3726737322374
2017-12-22,1564.5990958823318
2017-12-23,454.3229224763342
2017-12-24,-91.3540364495447
2017-12-25,870.4142521412073
2017-12-26,1289.1499928612498
2017-12-27,1996.5988278404288
2017-12-28,2442.40597122522
2017-12-29,2000.0401840677093
2017-12-30,590.1508250956854
2017-12-31,-82.25117541475939
